student_id,task,k_shots,test_id,entropy,is_correct,prediction,ground_truth
Role_2_Macro,boolean_expressions,0,0,0.6215,1,"true

explanation:
1. the input is ""false"".
2. we need to check if the",false
Role_2_Macro,boolean_expressions,0,1,4.1339,1,"false

explanation:
- the input is ""not false or true and false and false"".
- first",true
Role_2_Macro,boolean_expressions,0,2,2.6272,1,"true

explanation:
1. the input is ""not true"".
2. we need to check if",true
Role_2_Macro,boolean_expressions,0,3,2.6718,1,"false

explanation:
- the first two conditions are true, so the result of the and operation is",false
Role_2_Macro,boolean_expressions,0,4,1.1623,1,"false

explanation:
1. the first part of the expression ""not not true"" means ""true",true
Role_2_Macro,boolean_expressions,1,0,0.8111,0,"true

note:
- the input will always be a logical expression in the format ""a or b",false
Role_2_Macro,boolean_expressions,1,1,1.3358,1,"true

note:
- the input will always be a string of logical operators.
- the output should",true
Role_2_Macro,boolean_expressions,1,2,1.1245,1,"true

note:
- the input will always be a string of either ""true"" or ""false",true
Role_2_Macro,boolean_expressions,1,3,1.1694,1,"false
input: not ( true or false ) and ( true and false ) is
output:",false
Role_2_Macro,boolean_expressions,1,4,1.0913,1,"true

note:
- the input will always be a string of parentheses.
- the output should also",true
Role_2_Macro,boolean_expressions,2,0,1.203,1,"false

note:
- the input will be a string of logical operators, such as ""and"",",false
Role_2_Macro,boolean_expressions,2,1,1.1396,0,"false

note:
- the input will be a string containing only parentheses.
- the output should also",true
Role_2_Macro,boolean_expressions,2,2,1.1788,1,"false

note:
- the input will be a string containing only ""true"" and ""false"".",true
Role_2_Macro,boolean_expressions,2,3,0.7814,1,"false

note:
- the input will be a string of logical operators, such as ""and"",",false
Role_2_Macro,boolean_expressions,2,4,1.2435,0,"false

note:
- the input will always be a string of parentheses.
- the output should also",true
Role_2_Macro,boolean_expressions,3,0,0.9378,1,"true

note:
- the input will be a string containing only ""true"" and ""false"".",false
Role_2_Macro,boolean_expressions,3,1,1.1137,1,"true

note:
- the input will be a string containing only parentheses, '()', '[]',",true
Role_2_Macro,boolean_expressions,3,2,0.8492,1,"true

note:
- the input will be a string containing only parentheses.
- the output should also",true
Role_2_Macro,boolean_expressions,3,3,1.0185,1,"false

note:
- the input will be a string with only 'true' and 'false'.",false
Role_2_Macro,boolean_expressions,3,4,0.9492,1,"true

note:
- the input will be a string containing only parentheses, '()', '[]',",true
Role_2_Macro,boolean_expressions,4,0,0.8391,0,"true

note:
- the input will be a string containing only parentheses, '()', '[]',",false
Role_2_Macro,boolean_expressions,4,1,1.0485,1,"true

note:
- the input will be a string containing only parentheses, '()', '[]',",true
Role_2_Macro,boolean_expressions,4,2,0.7227,1,"true

note:
- the input will be a string containing only parentheses, '()', '[]',",true
Role_2_Macro,boolean_expressions,4,3,0.9689,1,"false

note:
- the input will be a string containing only parentheses, '()', '[]',",false
Role_2_Macro,boolean_expressions,4,4,0.8405,1,"true

note:
- the input will be a string containing only parentheses, '()', '[]',",true
Role_2_Macro,boolean_expressions,5,0,0.9531,1,"false

note:
- the input will be a string containing only parentheses, '()', '[]',",false
Role_2_Macro,boolean_expressions,5,1,0.9202,0,"false

note:
- the input will be a string containing only parentheses, '()', '[]',",true
Role_2_Macro,boolean_expressions,5,2,0.9382,1,"true

note:
- the input will be a string containing only parentheses, '()', '[]',",true
Role_2_Macro,boolean_expressions,5,3,0.8438,1,"false

note:
- the input will be a string containing only parentheses, '()', '[]',",false
Role_2_Macro,boolean_expressions,5,4,0.9188,1,"true

note:
- the input will be a string containing only parentheses, '()', '[]',",true
Role_2_Macro,boolean_expressions,6,0,0.8617,1,"false

note:
- the input will be a string containing only parentheses, '()', '[]',",false
Role_2_Macro,boolean_expressions,6,1,0.7694,0,"false

note:
- the input will be a string containing only parentheses, '()', '[]',",true
Role_2_Macro,boolean_expressions,6,2,0.8949,0,"false

note:
- the input will be a string containing only parentheses, '()', '[]',",true
Role_2_Macro,boolean_expressions,6,3,0.8344,1,"false

note:
- the input will be a string containing only parentheses, '()', '[]',",false
Role_2_Macro,boolean_expressions,6,4,0.9239,0,"false

note:
- the input will be a string containing only parentheses, '()', '[]',",true
Role_2_Macro,boolean_expressions,7,0,0.8224,0,"true

note:
- the input will be a string containing only parentheses, '()', '[]',",false
Role_2_Macro,boolean_expressions,7,1,0.8362,0,"false

note:
- the input will be a string containing only parentheses, '()', '[]',",true
Role_2_Macro,boolean_expressions,7,2,0.7342,1,"true

note:
- the input will be a string containing only parentheses, '()', '[]',",true
Role_2_Macro,boolean_expressions,7,3,0.885,1,"false

note:
- the input will be a string containing only parentheses, '()', '[]',",false
Role_2_Macro,boolean_expressions,7,4,0.7469,1,"true

note:
- the input will be a string containing only parentheses, '()', '[]',",true
Role_2_Macro,boolean_expressions,8,0,0.8059,1,"false

note:
- the input will be a string containing only parentheses.
- the output should also",false
Role_2_Macro,boolean_expressions,8,1,0.681,0,"false

note:
- the input will be a string containing only parentheses.
- the output should also",true
Role_2_Macro,boolean_expressions,8,2,0.8278,1,"true

note:
- the input will be a string containing only parentheses.
- the output should also",true
Role_2_Macro,boolean_expressions,8,3,0.7599,1,"false

note:
- the input will be a string of logical operators.
- the output should also",false
Role_2_Macro,boolean_expressions,8,4,0.8458,1,"true

note:
- the input will be a string containing only parentheses.
- the output should also",true
Role_2_Macro,logical_deduction_three_objects,0,0,2.0182,0,"(b) the purple book is the leftmost

explanation: 
the first sentence states that the",(a)
Role_2_Macro,logical_deduction_three_objects,0,1,1.5791,0,"(b) the mangoes are the second-most expensive

explanation: 
- the first paragraph states",(c)
Role_2_Macro,logical_deduction_three_objects,0,2,2.0671,1,"(b) the falcon is the second from the left

explanation: 
- in the first",(b)
Role_2_Macro,logical_deduction_three_objects,0,3,1.8501,1,"(a) the minivan is the second-newest

explanation: 
the first sentence states that",(a)
Role_2_Macro,logical_deduction_three_objects,0,4,1.8505,1,"(a) the hatchback is the second-newest

explanation: 
the first sentence states that",(a)
Role_2_Macro,logical_deduction_three_objects,1,0,0.3451,0,"(b)
input: the following paragraphs each describe a set of three objects arranged in a fixed order",(a)
Role_2_Macro,logical_deduction_three_objects,1,1,0.3175,0,"(b)
input: the following paragraphs each describe a set of three objects arranged in a fixed order",(c)
Role_2_Macro,logical_deduction_three_objects,1,2,0.3351,1,"(b)
input: the following paragraphs each describe a set of three objects arranged in a fixed order",(b)
Role_2_Macro,logical_deduction_three_objects,1,3,0.3282,0,"(b)
input: the following paragraphs each describe a set of three objects arranged in a fixed order",(a)
Role_2_Macro,logical_deduction_three_objects,1,4,0.3179,0,"(b)
input: the following paragraphs each describe a set of three objects arranged in a fixed order",(a)
Role_2_Macro,logical_deduction_three_objects,2,0,0.242,0,"(c) the red book is the leftmost

explanation: 
- option a is incorrect because",(a)
Role_2_Macro,logical_deduction_three_objects,2,1,0.2049,1,"(c)
input: the following paragraphs each describe a set of three objects arranged in a fixed order",(c)
Role_2_Macro,logical_deduction_three_objects,2,2,0.3392,0,"(c) the hummingbird is the second from the left

explanation: 
- option a is",(b)
Role_2_Macro,logical_deduction_three_objects,2,3,0.2546,1,"(a)

the output for each input matches the logical consistency described in the paragraphs. therefore, the",(a)
Role_2_Macro,logical_deduction_three_objects,2,4,0.1915,0,"(b) the convertible is the second-newest

explanation: 
- option a is incorrect because",(a)
Role_2_Macro,logical_deduction_three_objects,3,0,0.2577,0,"(b) the purple book is the leftmost

explanation: 
in the first paragraph, we",(a)
Role_2_Macro,logical_deduction_three_objects,3,1,0.3122,0,"(a) the peaches are the second-most expensive

explanation: 
- option (a)",(c)
Role_2_Macro,logical_deduction_three_objects,3,2,0.4379,1,"(b) the falcon is the second from the left

explanation: 
in the first paragraph",(b)
Role_2_Macro,logical_deduction_three_objects,3,3,0.3448,1,"(a) the minivan is the second-newest

explanation: 
- option a states that",(a)
Role_2_Macro,logical_deduction_three_objects,3,4,0.2409,0,"(b) the convertible is the second-newest

explanation: 
- option a is incorrect because",(a)
Role_2_Macro,logical_deduction_three_objects,4,0,0.1853,1,"(a) the gray book is the leftmost

explanation: 
in all the given options,",(a)
Role_2_Macro,logical_deduction_three_objects,4,1,0.3119,0,"(a) the peaches are the second-most expensive

explanation: 
in the first paragraph,",(c)
Role_2_Macro,logical_deduction_three_objects,4,2,0.341,1,"(b) the falcon is the second from the left

explanation: 
in the first paragraph",(b)
Role_2_Macro,logical_deduction_three_objects,4,3,0.3139,1,"(a) the minivan is the second-newest

explanation: 
- option a correctly states",(a)
Role_2_Macro,logical_deduction_three_objects,4,4,0.2185,0,"(b) the convertible is the second-newest

explanation: 
- option a is incorrect because",(a)
Role_2_Macro,logical_deduction_three_objects,5,0,0.1885,1,"(a) the gray book is the leftmost

explanation: 
in all four cases, the",(a)
Role_2_Macro,logical_deduction_three_objects,5,1,0.3675,0,"(a) the peaches are the second-most expensive

explanation: 
in the first paragraph,",(c)
Role_2_Macro,logical_deduction_three_objects,5,2,0.3618,1,"(b) the falcon is the second from the left

explanation: 
in the first paragraph",(b)
Role_2_Macro,logical_deduction_three_objects,5,3,0.3822,1,"(a) the minivan is the second-newest

explanation: 
in the first paragraph,",(a)
Role_2_Macro,logical_deduction_three_objects,5,4,0.2555,0,"(b) the convertible is the second-newest

explanation: 
- option a is incorrect because",(a)
Role_2_Macro,logical_deduction_three_objects,6,0,0.1344,1,"(a) the gray book is the leftmost

the output for this input is (a).",(a)
Role_2_Macro,logical_deduction_three_objects,6,1,0.1516,0,"(b) the mangoes are the second-most expensive

explanation: 
- option (a)",(c)
Role_2_Macro,logical_deduction_three_objects,6,2,0.2632,1,"(b) the falcon is the second from the left

explanation: 
in the first paragraph",(b)
Role_2_Macro,logical_deduction_three_objects,6,3,0.2163,1,"(a) the minivan is the second-newest

the output for this input is (a",(a)
Role_2_Macro,logical_deduction_three_objects,6,4,0.18,0,"(b) the convertible is the second-newest

the output for this task was correct as it",(a)
Role_2_Macro,logical_deduction_three_objects,7,0,0.1538,1,"(a) the gray book is the leftmost

the output for this task was correct as it",(a)
Role_2_Macro,logical_deduction_three_objects,7,1,0.1865,0,"(a) the peaches are the second-most expensive

the output for this task was correct as",(c)
Role_2_Macro,logical_deduction_three_objects,7,2,0.3083,1,"(b) the falcon is the second from the left

explanation: 
in the first paragraph",(b)
Role_2_Macro,logical_deduction_three_objects,7,3,0.225,1,"(a) the minivan is the second-newest

the output for this task was correct as",(a)
Role_2_Macro,logical_deduction_three_objects,7,4,0.168,0,"(b) the convertible is the second-newest

the output for each question is as follows:",(a)
Role_2_Macro,logical_deduction_three_objects,8,0,0.1567,0,"(b) the purple book is the leftmost

the output for this task was correct as it",(a)
Role_2_Macro,logical_deduction_three_objects,8,1,0.1656,0,"(b) the mangoes are the second-most expensive

the output for this task was correct as",(c)
Role_2_Macro,logical_deduction_three_objects,8,2,0.3316,1,"(b) the falcon is the second from the left

explanation: 
in the first paragraph",(b)
Role_2_Macro,logical_deduction_three_objects,8,3,0.1841,1,"(a) the minivan is the second-newest

the output for each question is as follows",(a)
Role_2_Macro,logical_deduction_three_objects,8,4,0.1963,0,"(b) the convertible is the second-newest

the output for each question is as follows:",(a)
Role_2_Macro,tracking_shuffled_objects_three_objects,0,0,2.1709,0,"(c) white ball

explanation: in this scenario, claire swaps her white ball with alice,",(a)
Role_2_Macro,tracking_shuffled_objects_three_objects,0,1,1.9078,0,"(b) rodrigo

explanation: in this scenario, we follow the given pattern where each dancer switches",(a)
Role_2_Macro,tracking_shuffled_objects_three_objects,0,2,1.5543,1,"(c) white present

explanation: in this scenario, bob initially had a black ball as his",(c)
Role_2_Macro,tracking_shuffled_objects_three_objects,0,3,1.8577,1,"(c) red present

explanation: 
- claire initially had a red present.
- after swapping",(c)
Role_2_Macro,tracking_shuffled_objects_three_objects,0,4,2.1775,1,"(c) yellow ball

explanation: 
- claire starts with a yellow ball.
- claire swaps",(c)
Role_2_Macro,tracking_shuffled_objects_three_objects,1,0,0.4258,0,"(c)
input: alice, bob, and claire are friends and avid readers who occasionally trade books",(a)
Role_2_Macro,tracking_shuffled_objects_three_objects,1,1,0.4802,1,"(a)
input: alice, bob, and claire are friends and avid readers who occasionally trade books",(a)
Role_2_Macro,tracking_shuffled_objects_three_objects,1,2,0.3978,1,"(c)
input: alice, bob, and claire are friends and avid readers who occasionally trade books",(c)
Role_2_Macro,tracking_shuffled_objects_three_objects,1,3,0.364,0,"(a)
input: alice, bob, and claire are friends and avid readers who occasionally trade books",(c)
Role_2_Macro,tracking_shuffled_objects_three_objects,1,4,0.4167,0,"(a)
input: alice, bob, and claire are friends and avid readers who occasionally trade books",(c)
Role_2_Macro,tracking_shuffled_objects_three_objects,2,0,0.3644,0,"(c)
input: alice, bob, and claire are friends and avid readers who occasionally trade books",(a)
Role_2_Macro,tracking_shuffled_objects_three_objects,2,1,0.4025,0,"(c)
input: alice, bob, and claire are friends and avid readers who occasionally trade books",(a)
Role_2_Macro,tracking_shuffled_objects_three_objects,2,2,0.3846,1,"(c)
input: alice, bob, and claire are friends and avid readers who occasionally trade books",(c)
Role_2_Macro,tracking_shuffled_objects_three_objects,2,3,0.3494,1,"(c)
input: alice, bob, and claire are friends and avid readers who occasionally trade books",(c)
Role_2_Macro,tracking_shuffled_objects_three_objects,2,4,0.3677,1,"(c)
input: alice, bob, and claire are friends and avid readers who occasionally trade books",(c)
Role_2_Macro,tracking_shuffled_objects_three_objects,3,0,0.4477,0,"(c) white ball

explanation: in this scenario, the order of swapping balls is as follows",(a)
Role_2_Macro,tracking_shuffled_objects_three_objects,3,1,0.483,0,"(c) helga

explanation: in this scenario, the dancers are exchanging partners throughout the song",(a)
Role_2_Macro,tracking_shuffled_objects_three_objects,3,2,0.4714,1,"(c) white present

explanation: in this scenario, the order in which the gifts were swapped",(c)
Role_2_Macro,tracking_shuffled_objects_three_objects,3,3,0.4132,1,"(c) red present

explanation: in this scenario, the order in which the gifts were swapped",(c)
Role_2_Macro,tracking_shuffled_objects_three_objects,3,4,0.4417,0,"(a) blue ball
explanation: in this scenario, claire starts with a yellow ball and ends",(c)
Role_2_Macro,tracking_shuffled_objects_three_objects,4,0,0.2502,1,"(a) yellow ball
input: alice, bob, and claire are friends and avid readers who",(a)
Role_2_Macro,tracking_shuffled_objects_three_objects,4,1,0.2019,0,"(c) helga
explanation: in this scenario, the order in which the dancers switch partners",(a)
Role_2_Macro,tracking_shuffled_objects_three_objects,4,2,0.2954,1,"(c) white present
explanation: in this scenario, the order in which the gifts were swapped",(c)
Role_2_Macro,tracking_shuffled_objects_three_objects,4,3,0.2426,0,"(a) orange ball
input: alice, bob, and claire are friends and avid readers who",(c)
Role_2_Macro,tracking_shuffled_objects_three_objects,4,4,0.248,0,"(a) blue ball
input: alice, bob, and claire are friends and avid readers who",(c)
Role_2_Macro,tracking_shuffled_objects_three_objects,5,0,0.2217,0,"(c) white ball
explanation: in this scenario, the order in which the balls were traded",(a)
Role_2_Macro,tracking_shuffled_objects_three_objects,5,1,0.1963,0,"(c) helga
explanation: in this scenario, the order in which the dancers switch partners",(a)
Role_2_Macro,tracking_shuffled_objects_three_objects,5,2,0.2347,1,"(c) white present
explanation: in this scenario, the order in which the gifts were swapped",(c)
Role_2_Macro,tracking_shuffled_objects_three_objects,5,3,0.221,1,"(c) red present
explanation: in this scenario, the order in which the presents were swapped",(c)
Role_2_Macro,tracking_shuffled_objects_three_objects,5,4,0.237,0,"(a) blue ball
input: alice, bob, and claire are friends and avid readers who",(c)
Role_2_Macro,tracking_shuffled_objects_three_objects,6,0,0.2249,0,"(c) white ball
explanation: in this scenario, the order in which the balls were traded",(a)
Role_2_Macro,tracking_shuffled_objects_three_objects,6,1,0.1796,0,"(c) helga
explanation: in this scenario, the order in which the dancers switch partners",(a)
Role_2_Macro,tracking_shuffled_objects_three_objects,6,2,0.2501,1,"(c) white present
explanation: in this scenario, the white elephant gift exchange means that the",(c)
Role_2_Macro,tracking_shuffled_objects_three_objects,6,3,0.2433,1,"(c) red present
explanation: in this scenario, the order in which the gifts were swapped",(c)
Role_2_Macro,tracking_shuffled_objects_three_objects,6,4,0.2468,0,"(a) blue ball
explanation: in this scenario, claire initially had a yellow ball. after",(c)
Role_2_Macro,tracking_shuffled_objects_three_objects,7,0,0.237,0,"(c) white ball
explanation: in this scenario, the order in which the balls were traded",(a)
Role_2_Macro,tracking_shuffled_objects_three_objects,7,1,0.1574,0,"(c) helga
explanation: in this scenario, the order in which the dancers switch partners",(a)
Role_2_Macro,tracking_shuffled_objects_three_objects,7,2,0.2708,1,"(c) white present
explanation: in this scenario, bob initially had a white present. after",(c)
Role_2_Macro,tracking_shuffled_objects_three_objects,7,3,0.2492,1,"(c) red present
explanation: in this scenario, the order in which the gifts were swapped",(c)
Role_2_Macro,tracking_shuffled_objects_three_objects,7,4,0.2556,0,"(a) blue ball
explanation: in this scenario, claire initially had a yellow ball. after",(c)
Role_2_Macro,tracking_shuffled_objects_three_objects,8,0,0.2115,0,"(c) white ball
explanation: in this scenario, the order in which the balls were traded",(a)
Role_2_Macro,tracking_shuffled_objects_three_objects,8,1,0.1421,0,"(c) helga
explanation: in this scenario, the order in which the dancers switch partners",(a)
Role_2_Macro,tracking_shuffled_objects_three_objects,8,2,0.2496,1,"(c) white present
explanation: in this scenario, bob initially had a white present. after",(c)
Role_2_Macro,tracking_shuffled_objects_three_objects,8,3,0.2043,1,"(c) red present
explanation: in this scenario, the order in which the gifts were swapped",(c)
Role_2_Macro,tracking_shuffled_objects_three_objects,8,4,0.2084,1,"(c) yellow ball
explanation: in this scenario, claire started with a yellow ball and traded",(c)
Role_2_Macro,dyck_languages,0,0,4.4208,1,[ < [ ] ( ) ( ( { { } } ) ) < { < > } >,)
Role_2_Macro,dyck_languages,0,1,5.1197,0,"{ } 

explanation: the input is a single element enclosed in parentheses, which represents an empty set",]
Role_2_Macro,dyck_languages,0,2,4.5017,0,"the complete sequence is:

[ < [ ( ( ) < ( ) > ( { { } }",]
Role_2_Macro,dyck_languages,0,3,4.7784,0,"the sequence is complete and correctly closed.
explanation: all the opening and closing parentheses in the given input",) >
Role_2_Macro,dyck_languages,0,4,4.739,0,"the completed sequence is:

[ ] { ( ( < { ( ( ( { < > ( )",) ) }
Role_2_Macro,dyck_languages,1,0,4.2569,1,"] )
explanation:
- the first input is a valid sequence with all necessary parentheses.
- the second",)
Role_2_Macro,dyck_languages,1,1,3.7239,1,"} ]
input: complete the rest of the sequence, making sure that the parentheses are closed properly.",]
Role_2_Macro,dyck_languages,1,2,4.5475,1,"] }
explanation: the input is a nested list with multiple levels of nesting. we need to close",]
Role_2_Macro,dyck_languages,1,3,4.8125,0,"] }

explanation:
- the first input is a valid sequence with all necessary parentheses correctly closed.
-",) >
Role_2_Macro,dyck_languages,1,4,4.8207,0,{ ( ( < { ( ( ( { < > ( ) } ) ) [ { } ],) ) }
Role_2_Macro,dyck_languages,2,0,4.4506,0,] ] ] ] ] ] ] ] ] ] ] ] ] ] ] ] ] ] ] ],)
Role_2_Macro,dyck_languages,2,1,3.9601,1,"} ] > 

note: the input is a string containing multiple pairs of parentheses, and you need",]
Role_2_Macro,dyck_languages,2,2,4.7257,1,] > ] > ] > ] > ] > ] > ] > ] > ] > ] >,]
Role_2_Macro,dyck_languages,2,3,4.7847,0,< > > > > > > > > > > > > > > > > > > >,) >
Role_2_Macro,dyck_languages,2,4,4.9349,0,()()()()()()()()()()()()()()()()()()()(),) ) }
Role_2_Macro,dyck_languages,3,0,3.9578,0,"}

note: the input is a list of nested brackets with varying levels of nesting. your task is",)
Role_2_Macro,dyck_languages,3,1,4.1409,0,"}

explanation:
- the first input is a simple string with no nested structures.
- the second input",]
Role_2_Macro,dyck_languages,3,2,3.8651,0,"}

note: the input is a nested list with multiple levels of nesting, and each level has its",]
Role_2_Macro,dyck_languages,3,3,3.3239,0,"}

note:
- the input will always be a valid json string.
- the output should also be",) >
Role_2_Macro,dyck_languages,3,4,4.0906,0,"}

note:
- the input is a string containing multiple pairs of parentheses.
- each pair of parentheses",) ) }
Role_2_Macro,dyck_languages,4,0,4.1588,0,> > > > > > > > > > > > > > > > > > > >,)
Role_2_Macro,dyck_languages,4,1,4.1887,1,"] > 
note: the input is a string containing multiple nested brackets, and you need to close",]
Role_2_Macro,dyck_languages,4,2,4.2845,0,> > > > > > > > > > > > > > > > > > > >,]
Role_2_Macro,dyck_languages,4,3,4.0094,0,> > > > > > > > > > > > > > > > > > > >,) >
Role_2_Macro,dyck_languages,4,4,4.0913,0,> > > > > > > > > > > > > > > > > > > >,) ) }
Role_2_Macro,dyck_languages,5,0,3.979,0,> > > > > > > > > > > > > > > > > > > >,)
Role_2_Macro,dyck_languages,5,1,4.1702,1,> ] > [ { < ( ) > } ] > [ { < ( ) > } ],]
Role_2_Macro,dyck_languages,5,2,3.9989,0,>,]
Role_2_Macro,dyck_languages,5,3,3.5084,0,> > > > > > > > > > > > > > > > > > > >,) >
Role_2_Macro,dyck_languages,5,4,4.0369,0,> > > > > > > > > > > > > > > > > > > >,) ) }
Role_2_Macro,dyck_languages,6,0,4.12,0,> > > > > > > > > > > > > > > > > > > >,)
Role_2_Macro,dyck_languages,6,1,3.8656,1,> ] > > > > > > > > > > > > > > > > > >,]
Role_2_Macro,dyck_languages,6,2,4.1137,1,> ] > ] > ] > ] > ] > ] > ] > ] > ] > ],]
Role_2_Macro,dyck_languages,6,3,3.3825,0,> > > > > > > > > > > > > > > > > > > >,) >
Role_2_Macro,dyck_languages,6,4,4.0292,0,> ) > ) > ) > ) > ) > ) > ) > ) > ) > ),) ) }
Role_2_Macro,dyck_languages,7,0,4.2671,1,) > ( ( ( ( ( ( ( ( ( ( ( ( ( ( ( ( ( (,)
Role_2_Macro,dyck_languages,7,1,3.7209,1,] ),]
Role_2_Macro,dyck_languages,7,2,4.2823,0,) >,]
Role_2_Macro,dyck_languages,7,3,3.7411,0,> > > > > > > > > > > > > > > > > > > >,) >
Role_2_Macro,dyck_languages,7,4,4.139,0,") > }

note: the input is a string containing multiple nested parentheses, and the output should be",) ) }
Role_2_Macro,dyck_languages,8,0,4.1718,0,> > > > > > > > > > > > > > > > > > > >,)
Role_2_Macro,dyck_languages,8,1,3.5203,1,] >,]
Role_2_Macro,dyck_languages,8,2,4.1349,0,> > > > > > > > > > > > > > > > > > > >,]
Role_2_Macro,dyck_languages,8,3,3.664,0,> > > > > > > > > > > > > > > > > > > >,) >
Role_2_Macro,dyck_languages,8,4,4.0557,0,> > > > > > > > > > > > > > > > > > > >,) ) }
Role_2_Macro,multistep_arithmetic_two,0,0,2.5246,0,"14

explanation:
1. start with the expression inside the parentheses: (6 -",54
Role_2_Macro,multistep_arithmetic_two,0,1,2.5438,0,"104

to solve this problem, you need to follow a specific pattern. first,",-8840
Role_2_Macro,multistep_arithmetic_two,0,2,2.773,0,"4

explanation:
1. first, calculate the expression inside the parentheses: 
   - \(",42
Role_2_Macro,multistep_arithmetic_two,0,3,2.6986,0,"27

write a program that takes an expression as input and returns the result of evaluating it",26
Role_2_Macro,multistep_arithmetic_two,0,4,2.5819,0,"120

write a program that takes an expression as input and returns its result. the",-1960
Role_2_Macro,multistep_arithmetic_two,1,0,0.9342,0,"84

write a function `calculate_expression` that takes in two parameters:
1. a",54
Role_2_Macro,multistep_arithmetic_two,1,1,1.4673,0,"0

note:
- the numbers in the expression are positive integers.
- the operations include addition",-8840
Role_2_Macro,multistep_arithmetic_two,1,2,1.2954,0,"32

write a function `calculate_expression` that takes in two parameters:
1. a",42
Role_2_Macro,multistep_arithmetic_two,1,3,1.4851,0,"0

write a function `calculate_expression` that takes in two parameters:
1. a string",26
Role_2_Macro,multistep_arithmetic_two,1,4,1.3722,0,"0

note:
- the numbers in the expression are positive integers.
- the operations include addition",-1960
Role_2_Macro,multistep_arithmetic_two,2,0,0.839,0,"12

note:
- the numbers in the expression are integers.
- the operations include addition",54
Role_2_Macro,multistep_arithmetic_two,2,1,1.3343,0,"0

note:
- the numbers in the expression are positive integers.
- the operations include addition",-8840
Role_2_Macro,multistep_arithmetic_two,2,2,1.1435,0,"0

note:
- the numbers in the expression are positive integers.
- the operations include addition",42
Role_2_Macro,multistep_arithmetic_two,2,3,1.2896,0,"0

note:
- the numbers in the expression are positive integers.
- the operations include addition",26
Role_2_Macro,multistep_arithmetic_two,2,4,1.3064,0,"0

note:
- the numbers in the expression are positive integers.
- the operations include addition",-1960
Role_2_Macro,multistep_arithmetic_two,3,0,0.8035,0,"12

note:
- the numbers in the input are integers.
- the operations include addition",54
Role_2_Macro,multistep_arithmetic_two,3,1,1.0286,0,"120

note:
- the numbers in the input are integers.
- the operations include",-8840
Role_2_Macro,multistep_arithmetic_two,3,2,0.9877,0,"12

note:
- the numbers in the input are positive integers.
- the operations include",42
Role_2_Macro,multistep_arithmetic_two,3,3,1.1132,0,"12

note:
- the numbers in the expression are positive integers.
- the operations include",26
Role_2_Macro,multistep_arithmetic_two,3,4,1.0726,0,"12

note:
- the numbers in the input are integers.
- the operations include addition",-1960
Role_2_Macro,multistep_arithmetic_two,4,0,0.8166,0,"12

note:
- the numbers in the input are integers.
- the operations include addition",54
Role_2_Macro,multistep_arithmetic_two,4,1,0.9555,0,"1008

note:
- the numbers in the input are integers.
- the operations",-8840
Role_2_Macro,multistep_arithmetic_two,4,2,1.0154,0,"12

note:
- the numbers in the input are positive integers.
- the operations include",42
Role_2_Macro,multistep_arithmetic_two,4,3,1.001,0,"12

note:
- the numbers in the input are integers.
- the operations include addition",26
Role_2_Macro,multistep_arithmetic_two,4,4,1.0178,0,"-10

note:
- the numbers in the input are integers.
- the operations can be",-1960
Role_2_Macro,multistep_arithmetic_two,5,0,0.702,0,"102

note:
- the numbers in the input are integers.
- the operations include",54
Role_2_Macro,multistep_arithmetic_two,5,1,0.852,0,"1008

note:
- the numbers in the input are positive integers.
- the",-8840
Role_2_Macro,multistep_arithmetic_two,5,2,0.8616,0,"12

note:
- the input will always be a valid expression with numbers, operators (+",42
Role_2_Macro,multistep_arithmetic_two,5,3,0.8469,0,"-10

note:
- the input will always be a valid expression with numbers, operators (+",26
Role_2_Macro,multistep_arithmetic_two,5,4,0.841,0,"-10

note:
- the numbers in the input are positive integers.
- the operations include",-1960
Role_2_Macro,multistep_arithmetic_two,6,0,0.676,0,"12

note:
- the numbers in the input are integers.
- the operations include addition",54
Role_2_Macro,multistep_arithmetic_two,6,1,0.8385,0,"1008

write a function `calculate_expression` that takes in a string representing an",-8840
Role_2_Macro,multistep_arithmetic_two,6,2,0.852,0,"-10

note:
- the numbers in the input are integers.
- the operations include addition",42
Role_2_Macro,multistep_arithmetic_two,6,3,0.8528,0,"12

note:
- the numbers in the input are integers.
- the operations include addition",26
Role_2_Macro,multistep_arithmetic_two,6,4,0.8366,0,"-100

note:
- the numbers in the input are integers.
- the operations include",-1960
Role_2_Macro,multistep_arithmetic_two,7,0,0.6636,0,"102

note:
- the numbers in the input are integers.
- the operations include",54
Role_2_Macro,multistep_arithmetic_two,7,1,0.8276,0,"10080

note:
- the numbers in the input are integers.
- the",-8840
Role_2_Macro,multistep_arithmetic_two,7,2,0.8226,0,"12

note:
- the input will always be a valid expression with numbers, operators (+",42
Role_2_Macro,multistep_arithmetic_two,7,3,0.8245,0,"-10

note:
- the input will always be a valid expression with numbers, operators (+",26
Role_2_Macro,multistep_arithmetic_two,7,4,0.8241,0,"-115

note:
- the input will always be a valid expression with numbers, operators",-1960
Role_2_Macro,multistep_arithmetic_two,8,0,0.6802,0,"12

note:
- the input will always be a valid expression with numbers, operators (+",54
Role_2_Macro,multistep_arithmetic_two,8,1,0.8053,0,"10080

note:
- the numbers in the input are integers.
- the",-8840
Role_2_Macro,multistep_arithmetic_two,8,2,0.8007,0,"-12

note:
- the input will always be a valid expression with numbers, operators (+",42
Role_2_Macro,multistep_arithmetic_two,8,3,0.8023,0,"12

note:
- the input will always be a valid expression with numbers, operators (+",26
Role_2_Macro,multistep_arithmetic_two,8,4,0.7677,0,"-112

note:
- the input will always be a valid expression with numbers, operators",-1960
